query,category,brand_context,intent_type,price_segment,use_case,model,run,response_text,timestamp
Tell me about Sony Headphones - Are they any good?,Brand Awareness,Sony,brand_awareness,,General,claude,1,"Sony is known for producing high-quality headphones across various categories:

1. Noise-Canceling Headphones
- WH-1000XM series (particularly WH-1000XM4 and WH-1000XM5) are widely considered top-tier
- Excellent noise cancellation
- Great sound quality
- Comfortable for long wear
- Advanced features like touch controls

2. True Wireless Earbuds
- WF-1000XM series are highly rated
- Good noise cancellation
- Clear, balanced sound
- Decent battery life
- Comfortable fit

3. Sports/Exercise Headphones
- WF-SP series designed for active users
- Sweatproof
- Secure fit
- Good sound quality

4. Budget Options
- More affordable models like WH-CH510 offer good value
- Decent sound quality
- Lightweight

Pros:
- Excellent noise cancellation
- High sound quality
- Innovative features
- Comfortable design

Cons:
- Can be expensive
- Some models have complex controls

Generally, Sony headphones are considered among the best in the market, especially for noise-canceling and wireless models.",2025-12-02 18:17:56
Tell me about Sony Headphones - Are they any good?,Brand Awareness,Sony,brand_awareness,,General,claude,2,"Sony is known for producing high-quality headphones across various categories:

1. Noise-Canceling Headphones
- WH-1000XM Series (4 and 5) are industry-leading
- Excellent noise cancellation
- Great sound quality
- Comfortable for long wear
- Expensive but highly rated

2. Wireless Earbuds
- WF-1000XM Series popular for true wireless
- Good battery life
- Strong noise cancellation
- Clear sound
- Comfortable fit

3. Sports Headphones
- WFSP800N good for workouts
- Sweatproof
- Secure fit
- Decent sound quality

4. Budget Options
- WH-CH510 and WH-CH710N more affordable
- Decent sound
- Good value for money
- Less premium features

Pros:
- High sound quality
- Advanced noise cancellation
- Comfortable design
- Good battery life
- Bluetooth connectivity

Cons:
- Higher-end models can be expensive
- Some models have complicated controls
- Battery life varies by model

Overall, Sony headphones are generally considered high-quality and well-regarded by audiophiles and casual listeners alike.",2025-12-02 18:18:03
Tell me about Beats Headphones - Are they any good?,Brand Awareness,Beats,brand_awareness,,Lifestyle / Culture,claude,1,"Beats headphones have mixed reviews:

Pros:
- Stylish design
- Strong brand recognition
- Good bass-heavy sound
- Comfortable
- Wireless options
- Popular among younger consumers

Cons:
- Expensive compared to similar quality headphones
- Bass can overpower other audio frequencies
- Sound quality not as good as some similarly priced competitors
- Apple ownership (since 2014) has improved overall quality
- Better for bass-heavy music like hip-hop and electronic

Popular models:
- Beats Studio3 Wireless
- Beats Solo3 Wireless
- Beats Powerbeats Pro

General recommendation:
- Good for casual listeners who want style and bass
- Audiophiles might prefer other brands with more balanced sound
- Worth comparing prices and reading reviews before purchasing

Alternative brands with potentially better sound quality:
- Sony
- Bose
- Sennheiser
- Audio-Technica

Ultimately, personal preference and intended use matter most when choosing headphones.",2025-12-02 18:18:09
Tell me about Beats Headphones - Are they any good?,Brand Awareness,Beats,brand_awareness,,Lifestyle / Culture,claude,2,"Beats headphones have been popular since their introduction, but opinions on their quality are mixed:

Pros:
- Stylish design
- Strong bass sound
- Good brand recognition
- Comfortable fit
- Popular among younger consumers
- Decent noise cancellation on some models

Cons:
- Relatively expensive
- Sound quality can be bass-heavy and less balanced
- Build quality not always considered top-tier
- Better audio performance available from other brands at similar price points

Generally recommended models:
- Beats Studio3 Wireless
- Beats Solo3 Wireless
- Beats Powerbeats Pro (good for workouts)

Alternatives with potentially better sound quality:
- Sony WH-1000XM4
- Bose QuietComfort
- Sennheiser Momentum

Overall, Beats are good for those who prioritize style and bass-heavy sound, but audiophiles might prefer other brands with more balanced audio performance.",2025-12-02 18:18:15
Tell me about Soundcore Headphones - Are they any good?,Brand Awareness,Soundcore,brand_awareness,,General,claude,1,"Soundcore is a brand owned by Anker Innovations, known for producing affordable audio products. Here's an overview of Soundcore headphones:

Pros:
- Generally affordable pricing
- Good sound quality for the price
- Decent battery life
- Comfortable design
- Bluetooth connectivity
- Various models for different needs (wireless, noise-canceling, sports)

Popular Models:
1. Soundcore Life Q20 - Over-ear noise-canceling headphones
2. Soundcore Liberty Air 2 Pro - True wireless earbuds
3. Soundcore Life P2 - Budget-friendly wireless earbuds
4. Soundcore Space Q45 - Premium noise-canceling over-ear headphones

Performance:
- Mid-range sound quality
- Competitive noise cancellation
- Good battery life (typically 20-40 hours)
- Decent build quality

Limitations:
- Not as premium as high-end brands like Sony or Bose
- Sound quality might not satisfy audiophiles
- Noise cancellation is good but not top-tier

Overall, Soundcore headphones offer good value for money, especially for casual listeners looking for affordable, reliable audio products. They're particularly recommended for budget-conscious consumers seeking decent sound and features.",2025-12-02 18:18:21
Tell me about Soundcore Headphones - Are they any good?,Brand Awareness,Soundcore,brand_awareness,,General,claude,2,"Soundcore is a brand owned by Anker Innovations, known for producing affordable audio equipment, including headphones and earbuds. Here's an overview:

Pros:
- Generally good value for money
- Competitive pricing
- Decent sound quality
- Good battery life
- Comfortable designs
- Wide range of models (wireless, noise-canceling, sports)

Popular Models:
1. Soundcore Life Q30 - Over-ear noise-canceling headphones
2. Soundcore Liberty Air 2 Pro - True wireless earbuds
3. Soundcore Space A40 - Noise-canceling wireless earbuds
4. Soundcore Life P3 - Budget-friendly wireless earbuds

Typical Features:
- Bluetooth connectivity
- Active noise cancellation (on some models)
- Long battery life
- Companion app for customization
- Decent build quality

Limitations:
- Not as premium as high-end brands like Sony or Bose
- Sound quality may not match more expensive options
- Some models have average noise cancellation

Overall, Soundcore headphones are a good choice for budget-conscious consumers seeking reliable audio equipment with solid performance. They're particularly well-suited for casual listeners and those who want good features at an affordable price.",2025-12-02 18:18:28
What are the most popular headphone brands in 2025?,Brand Awareness,General,brand_awareness,,General,claude,1,"I apologize, but I cannot predict the future with certainty. As an AI, I can only discuss current trends and popular headphone brands as of 2023. Currently, some of the most popular headphone brands include Sony, Bose, Apple, Sennheiser, Beats, and Jabra. The popularity of brands can change based on technological advancements, marketing, and consumer preferences.",2025-12-02 18:18:30
What are the most popular headphone brands in 2025?,Brand Awareness,General,brand_awareness,,General,claude,2,"I apologize, but I cannot predict the future with certainty. As an AI, I can only provide information based on current trends and available data. The most popular headphone brands in 2025 will depend on technological advancements, consumer preferences, and market developments. Some brands that are currently popular and likely to remain competitive include:

1. Apple (AirPods)
2. Sony
3. Bose
4. Beats by Dr. Dre
5. Samsung
6. Sennheiser
7. Jabra
8. JBL

To get an accurate picture of the most popular brands in 2025, you would need to consult market research reports closer to that time.",2025-12-02 18:18:34
What are the best wireless headphones under $200?,Price-Specific,General,recommendation,Mid-range,Budget / Value,claude,1,"Here are some top wireless headphones under $200 as of 2023:

1. Sony WH-1000XM4
- Excellent noise cancellation
- Great sound quality
- Comfortable design
- Around $350 (sometimes on sale)

2. Jabra Elite 85h
- Strong battery life
- Good noise cancellation
- Durable build
- Around $150-$200

3. Beats Solo3 Wireless
- Apple W1 chip for easy pairing
- Compact design
- Decent sound quality
- Around $130-$160

4. Sennheiser HD 450BT
- Excellent sound clarity
- Active noise cancellation
- Long battery life
- Around $150

5. Anker Soundcore Life Q30
- Very affordable
- Good noise cancellation
- Comfortable
- Around $80

6. Audio-Technica ATH-M50xBT
- Studio-quality sound
- Wired/wireless options
- Sturdy build
- Around $200

Prices and availability can vary, so I recommend checking current prices and reading recent reviews before purchasing. Your personal preferences for sound, comfort, and features will also influence the best choice for you.",2025-12-02 18:18:40
What are the best wireless headphones under $200?,Price-Specific,General,recommendation,Mid-range,Budget / Value,claude,2,"Here are some top-rated wireless headphones under $200:

1. Sony WH-1000XM4
- Excellent noise cancellation
- Great sound quality
- Comfortable design
- Around $350 (sometimes on sale)

2. Jabra Elite 85h
- Good battery life
- Strong noise cancellation
- Water-resistant
- Around $150-$200

3. Beats Solo3 Wireless
- Stylish design
- Good for Apple users
- Decent sound quality
- Around $150-$200

4. Anker Soundcore Life Q30
- Budget-friendly
- Good noise cancellation
- Comfortable
- Around $80

5. Audio-Technica ATH-M50xBT
- Professional studio sound
- Sturdy build
- Balanced audio
- Around $200

6. Sennheiser HD 350BT
- Excellent sound quality
- Lightweight
- Good battery life
- Around $150

The best choice depends on your specific preferences for sound quality, noise cancellation, comfort, and intended use (music, calls, gaming, etc.).",2025-12-02 18:18:46
"I’ve been researching a lot of the well-known headphone brands like Sony, Bose, Soundcore and Sennheiser, but honestly, I’m feeling pretty overwhelmed by all the options. I’m looking for a good recommendation—something high quality, but I’d like to keep it under $300. What would you suggest?",Price-Specific,Multi-brand,recommendation,Mid-range,Budget / Value,claude,1,"Based on your budget and desire for quality, I'd recommend a few top options:

1. Sony WH-1000XM4 or XM5
- Excellent noise cancellation
- Great sound quality
- Comfortable for long wear
- Around $250-$350 range

2. Sennheiser Momentum 3 Wireless
- Rich, detailed sound
- Premium build quality
- Good noise cancellation
- Around $250-$300

3. Bose QuietComfort 45
- Superior noise cancellation
- Very comfortable
- Balanced sound profile
- Around $250-$300

4. Audio-Technica ATH-M50x (if you prefer wired)
- Studio-quality sound
- Extremely durable
- Great for multiple uses
- Around $150

If noise cancellation and wireless features are important to you, I'd lean towards the Sony WH-1000XM4, which offers an excellent balance of sound quality, comfort, and features at a reasonable price point. They're typically around $250-$280 and consistently receive top reviews.

Would you like me to elaborate on any of these options?",2025-12-02 18:18:51
"I’ve been researching a lot of the well-known headphone brands like Sony, Bose, Soundcore and Sennheiser, but honestly, I’m feeling pretty overwhelmed by all the options. I’m looking for a good recommendation—something high quality, but I’d like to keep it under $300. What would you suggest?",Price-Specific,Multi-brand,recommendation,Mid-range,Budget / Value,claude,2,"Based on your budget and desire for quality, I'd recommend the Sony WH-1000XM4 or WH-1000XM5. They're excellent noise-canceling wireless headphones that consistently get top reviews. The XM4 is usually around $250-$280 and offers fantastic sound quality, great noise cancellation, and comfortable design. If you want the newest model, the XM5 is around $300. Both have excellent battery life, good bluetooth connectivity, and work well for both music and calls. Would you like me to break down their specific features?",2025-12-02 18:18:55
What are the best headphones in 2025?,Recommendations,General,recommendation,,General Listening,claude,1,"I apologize, but I can't predict the future with certainty. Technology changes rapidly, and the best headphones in 2025 aren't known yet. However, I can suggest looking at current top brands like Sony, Bose, Apple, Sennheiser, and others when the time comes. For the most up-to-date recommendations in 2025, I'd suggest checking tech review websites and professional audio equipment reviews closer to that time.",2025-12-02 18:18:59
What are the best headphones in 2025?,Recommendations,General,recommendation,,General Listening,claude,2,"I apologize, but I can't predict the future with certainty. The best headphones in 2025 have not been determined yet. Technology changes rapidly, and new models are constantly being developed. To find the best headphones in 2025, I recommend:

1. Checking professional tech review sites
2. Reading consumer reviews
3. Consulting current audio technology experts
4. Looking at upcoming releases from major brands like Sony, Bose, Apple, and others

Would you like information about current top-rated headphones?",2025-12-02 18:19:02
"What are the best headphones in each price range (budget, mid-range, premium)?",Recommendations,General,recommendation,Mixed,Budget / Value,claude,1,"Here are some highly recommended headphones across different price ranges:

Budget ($50-$100):
1. Audio-Technica ATH-M20x
2. Sony MDR-7506
3. Sennheiser HD 280 Pro

Mid-Range ($100-$300):
1. Sony WH-1000XM4
2. Bose QuietComfort 35 II
3. Beyerdynamic DT 990 Pro
4. AKG K702

Premium ($300-$1000):
1. Sony WH-1000XM5
2. Sennheiser Momentum 4 Wireless
3. Apple AirPods Max
4. Focal Elegia

Audiophile/High-End ($1000+):
1. Audeze LCD-X
2. Sennheiser HD 800 S
3. Focal Utopia

Note: Recommendations vary based on specific use cases (gaming, studio, wireless, noise-cancelling) and personal preference. These suggestions consider sound quality, comfort, and overall performance.

Would you like me to elaborate on any of these options or discuss specific use cases?",2025-12-02 18:19:07
"What are the best headphones in each price range (budget, mid-range, premium)?",Recommendations,General,recommendation,Mixed,Budget / Value,claude,2,"Here's a breakdown of top headphones by price range:

Budget ($50-$100):
1. Audio-Technica ATH-M20x
2. Sony MDR-7506
3. Anker Soundcore Life Q30

Mid-Range ($100-$300):
1. Sony WH-1000XM4
2. Sennheiser HD 600
3. Bose QuietComfort 35 II
4. Beyerdynamic DT 990 Pro

Premium ($300-$1000):
1. Sony WH-1000XM5
2. Bose Noise Cancelling 700
3. Sennheiser HD 800 S
4. Apple AirPods Max

Audiophile/Extreme Premium ($1000+):
1. Focal Utopia
2. Sennheiser HE 1
3. Audeze LCD-4

Recommendations vary based on specific needs:
- Noise cancellation
- Sound quality
- Comfort
- Wired vs wireless
- Over-ear vs in-ear

Would you like me to elaborate on any specific category or type of headphones?",2025-12-02 18:19:12
What are the best headphones with best sound quality?,Attributes,General,recommendation,,Tech-Focused / Features,claude,1,"Here are some top-rated headphones known for excellent sound quality across different categories:

Over-Ear/Audiophile Headphones:
1. Sennheiser HD 800 S
2. Sony WH-1000XM4
3. Bose QuietComfort 35 II
4. Beyerdynamic Amiron Home
5. Audio-Technica ATH-M50x

Wireless Earbuds:
1. Apple AirPods Pro
2. Sony WF-1000XM4
3. Jabra Elite 85t
4. Bose QuietComfort Earbuds
5. Samsung Galaxy Buds Pro

Wired In-Ear Monitors:
1. Shure SE846
2. Campfire Audio Andromeda
3. Final Audio E5000
4. 64 Audio U12t
5. Etymotic ER4SR

Gaming Headphones:
1. SteelSeries Arctis Pro
2. HyperX Cloud Alpha
3. Razer BlackShark V2

Budget Options:
1. Philips SHP9500
2. Audio-Technica ATH-M40x
3. KZ ZSN Pro X

The best choice depends on your specific needs, budget, and personal preferences.",2025-12-02 18:19:18
What are the best headphones with best sound quality?,Attributes,General,recommendation,,Tech-Focused / Features,claude,2,"The best headphones for sound quality can vary depending on your budget and preferences, but here are some top-rated options:

Over-ear/Audiophile Headphones:
1. Sennheiser HD 800 S
2. Sony WH-1000XM4
3. Beyerdynamic Amiron Home
4. Bose QuietComfort 35 II
5. Audio-Technica ATH-M50x

Wireless Earbuds:
1. Apple AirPods Pro
2. Sony WF-1000XM4
3. Sennheiser Momentum True Wireless 2
4. Bose QuietComfort Earbuds

Studio/Professional Headphones:
1. Shure SRH1540
2. Beyerdynamic DT 1990 Pro
3. Audeze LCD-X

Noise-Cancelling Headphones:
1. Sony WH-1000XM4
2. Bose Noise Cancelling 700
3. Apple AirPods Max

Budget-Friendly Options:
1. Audio-Technica ATH-M20x
2. Sennheiser HD 560S
3. Jabra Elite 85h

The best choice depends on your specific needs, budget, and personal sound preferences.",2025-12-02 18:19:23
What are the best headphones with great battery life?,Attributes,General,recommendation,,General Listening,claude,1,"Here are some top headphones with excellent battery life:

1. Over-Ear Wireless Headphones:
- Sony WH-1000XM4: Up to 30 hours
- Bose Noise Cancelling 700: Up to 20 hours
- Apple AirPods Max: Up to 20 hours
- Sennheiser Momentum 3 Wireless: Up to 17 hours

2. True Wireless Earbuds:
- Apple AirPods Pro: Up to 24 hours with charging case
- Samsung Galaxy Buds Pro: Up to 18 hours with case
- Jabra Elite 85t: Up to 25 hours with charging case
- Sony WF-1000XM4: Up to 24 hours with charging case

3. Budget Options:
- Anker Soundcore Life Q30: Up to 40 hours
- JBL Tune 750BTNC: Up to 30 hours

4. Sports/Workout Headphones:
- Beats Powerbeats Pro: Up to 24 hours with charging case
- Jaybird Vista 2: Up to 24 hours with charging case

The best choice depends on your specific needs, budget, and preferred style (over-ear or earbuds).",2025-12-02 18:19:29
What are the best headphones with great battery life?,Attributes,General,recommendation,,General Listening,claude,2,"Here are some top headphones known for excellent battery life:

Over-ear wireless headphones:
1. Sony WH-1000XM4 - Up to 30 hours of battery life
2. Bose QuietComfort 45 - Around 24 hours
3. Beats Studio3 Wireless - Up to 22 hours
4. Apple AirPods Max - Around 20 hours

True wireless earbuds:
1. Jabra Elite 85t - Up to 25 hours with charging case
2. Samsung Galaxy Buds Pro - Around 18 hours with case
3. Sony WF-1000XM4 - Up to 24 hours with charging case
4. Apple AirPods Pro - Around 24 hours with charging case

Budget-friendly options:
1. Anker Soundcore Life Q30 - Up to 40 hours
2. Sennheiser HD 350BT - Around 30 hours
3. JBL Tune 750BTNC - Up to 27 hours

The best choice depends on your specific needs, budget, and preferred style (over-ear vs. earbuds). Consider factors like sound quality, noise cancellation, and comfort alongside battery life.",2025-12-02 18:19:34
What are the best headphones for working from home or in an office?,Attributes,General,recommendation,,Work / Productivity,claude,1,"The best headphones for working from home or in an office depend on your specific needs, but here are some top recommendations:

1. Noise-Cancelling Options:
- Sony WH-1000XM4
- Bose QuietComfort 35 II
- Bose Noise Cancelling Headphones 700

2. Budget-Friendly Noise-Cancelling:
- AirPods Pro
- Jabra Elite 85h
- Microsoft Surface Headphones 2

3. Wireless Options:
- Apple AirPods Max
- Sennheiser Momentum 3 Wireless
- Beats Studio3 Wireless

4. Wired/Budget Options:
- Audio-Technica ATH-M50x
- Jabra Evolve 40
- Plantronics Voyager Focus UC

Key factors to consider:
- Noise cancellation
- Comfort for long wear
- Battery life
- Sound quality
- Microphone clarity
- Price
- Wireless vs. wired

Ultimately, the best choice depends on your budget, personal comfort, and specific work environment requirements.

Would you like me to provide more detailed information about any of these options?",2025-12-02 18:19:39
What are the best headphones for working from home or in an office?,Attributes,General,recommendation,,Work / Productivity,claude,2,"The best headphones for working from home or in an office depend on your specific needs, but here are some top recommendations:

1. Noise-Canceling Options:
- Sony WH-1000XM4
- Bose QuietComfort 35 II
- Apple AirPods Pro Max

2. Budget-Friendly Noise-Canceling:
- Anker Soundcore Life Q20
- Microsoft Surface Headphones 2

3. Wireless Earbuds:
- Apple AirPods Pro
- Jabra Elite 75t
- Sony WF-1000XM4

4. Wired Options:
- Audio-Technica ATH-M50x
- Beyerdynamic DT 770 Pro

Key features to consider:
- Noise cancellation
- Comfortable fit
- Battery life
- Microphone quality
- Connectivity options
- Price

Choose based on:
- Budget
- Comfort preference
- Specific work environment
- Audio quality needs

Each option has pros and cons, so consider your personal requirements when selecting headphones.",2025-12-02 18:19:45
What are the best headphones for working out at the gym?,Attributes,General,recommendation,,Fitness / Sports,claude,1,"Here are some top-rated headphones for working out:

1. Wireless/Bluetooth Options:
- Beats Powerbeats Pro (sweatproof, great sound)
- Jabra Elite Active 75t (excellent noise isolation)
- AirPods Pro (good for iPhone users)
- Bose Sport Earbuds (comfortable, strong sound)

2. Budget-Friendly Wireless Options:
- JBL Endurance Peak II (water-resistant)
- Anker Soundcore Spirit X2 (affordable, good battery life)

3. Over-Ear/Workout Headphones:
- AfterShokz Aeropex (bone conduction, allows ambient sound)
- Jaybird Vista 2 (secure fit, rugged design)

Key Features to Consider:
- Water/sweat resistance
- Secure fit
- Good battery life
- Bluetooth connectivity
- Noise cancellation
- Durability

Your best choice depends on:
- Budget
- Preferred style (earbuds vs. over-ear)
- Specific workout type
- Personal comfort preferences

Recommendations may vary based on individual needs and workout intensity.",2025-12-02 18:19:51
What are the best headphones for working out at the gym?,Attributes,General,recommendation,,Fitness / Sports,claude,2,"When choosing headphones for working out, consider the following top options:

1. Wireless/Bluetooth options:
- Beats Powerbeats Pro
- Jabra Elite Active 75t
- Apple AirPods Pro
- Samsung Galaxy Buds Pro

2. Budget-friendly options:
- Anker Soundcore Sport X10
- JBL Endurance Peak 3
- Skullcandy Push Active

3. Features to look for:
- Sweatproof/waterproof
- Secure fit
- Good battery life
- Noise cancellation
- Comfortable design
- Strong wireless connection

4. Over-ear options:
- Beats Studio3 Wireless
- Bose Sport Open Earbuds
- Plantronics BackBeat FIT 3100

5. Wired options (budget-friendly):
- Jaybird Tarah Pro
- Sony MDR-XB510AS

The best choice depends on your specific budget, preferences, and workout style. Consider factors like comfort, sound quality, battery life, and durability when making your selection.",2025-12-02 18:19:57
What are the best headphones with good active noise cancellation?,Attributes,General,recommendation,,Tech-Focused / Features,claude,1,"Here are some top-rated headphones with excellent active noise cancellation (ANC):

1. Over-Ear Headphones:
- Sony WH-1000XM4/WH-1000XM5
- Bose QuietComfort 45
- Apple AirPods Max
- Bose Noise Cancelling Headphones 700

2. Wireless Earbuds:
- Apple AirPods Pro (2nd generation)
- Sony WF-1000XM4
- Bose QuietComfort Earbuds II
- Samsung Galaxy Buds Pro

3. Mid-Range Options:
- Anker Soundcore Life Q30
- Jabra Elite 85h
- Sennheiser PXC 550-II

Each has strengths in different areas like sound quality, battery life, comfort, and price. The Sony WH-1000XM5 and Bose QuietComfort 45 are generally considered top performers for over-ear headphones, while AirPods Pro are excellent for earbuds.

Your best choice depends on your specific needs, budget, and preferred style (over-ear vs. earbuds).

Would you like me to provide more detailed information about any of these models?",2025-12-02 18:20:03
What are the best headphones with good active noise cancellation?,Attributes,General,recommendation,,Tech-Focused / Features,claude,2,"Here are some top-rated headphones with excellent active noise cancellation (ANC):

Over-Ear Headphones:
1. Sony WH-1000XM5
- Best overall ANC
- Excellent sound quality
- Comfortable design

2. Bose QuietComfort 45
- Superior noise cancellation
- Comfortable fit
- Balanced sound

3. Apple AirPods Max
- Premium build quality
- Excellent ANC
- Great for Apple ecosystem

Wireless Earbuds with ANC:
1. Sony WF-1000XM4
- Top-tier ANC in earbuds
- Great sound quality
- Good battery life

2. Apple AirPods Pro (2nd generation)
- Seamless Apple integration
- Strong noise cancellation
- Compact design

3. Bose QuietComfort Earbuds II
- Best-in-class ANC for earbuds
- Comfortable fit
- High-quality sound

Budget Options:
1. Anker Soundcore Life Q30
- Affordable
- Good noise cancellation
- Decent sound quality

Recommendation depends on your budget, preferred style (over-ear or earbuds), and specific use case.",2025-12-02 18:20:09
Are expensive headphones worth it compared with cheaper headphones?,Price-Specific,General,price_evaluation,,Budget / Value,claude,1,"Whether expensive headphones are worth it depends on several factors:

Pros of expensive headphones:
1. Better sound quality
2. Superior build and materials
3. More comfortable
4. Advanced noise cancellation
5. Longer durability
6. Advanced features like wireless connectivity

Cons of expensive headphones:
1. Higher cost
2. May have diminishing returns
3. Not always necessary for casual listeners

Recommendations:
- For audiophiles and professionals: Expensive headphones can be worth it
- For casual listeners: Mid-range or budget options often provide good value
- Consider your budget, intended use, and sound preferences

Factors to consider:
- Sound quality
- Comfort
- Intended use (music, gaming, work)
- Personal budget
- Brand reputation

Ultimately, the ""worth"" varies by individual needs and preferences.",2025-12-02 18:20:14
Are expensive headphones worth it compared with cheaper headphones?,Price-Specific,General,price_evaluation,,Budget / Value,claude,2,"Whether expensive headphones are worth it depends on several factors:

Pros of expensive headphones:
1. Better sound quality
2. Superior build materials
3. More comfortable design
4. Enhanced noise cancellation
5. Longer durability
6. Advanced features
7. Better sound isolation

Cons of expensive headphones:
1. Much higher cost
2. Diminishing returns on audio quality
3. May be excessive for casual listeners
4. More fragile
5. Can be complicated to use

Recommendations:
- For audiophiles: Expensive headphones might be worth it
- For casual listeners: Mid-range ($50-$150) often provide best value
- Consider your budget and listening habits
- Read reviews and compare specifications
- Test headphones if possible before purchasing

Ultimately, the ""worth"" varies by individual needs and preferences.",2025-12-02 18:20:18
What are some underrated headphone brands in 2025?,Price-Specific,General,price_evaluation,,Budget / Value,claude,1,"I apologize, but I cannot provide information about specific headphone brands in 2025 as that is a future time period. My knowledge is current up to my last training data, and I cannot predict future market trends or product releases with certainty. If you're interested in current underrated headphone brands, I can discuss some lesser-known but high-quality audio brands that are well-regarded in recent years.",2025-12-02 18:20:22
What are some underrated headphone brands in 2025?,Price-Specific,General,price_evaluation,,Budget / Value,claude,2,"I apologize, but I cannot provide information about headphone brands in 2025 as that is a future date and current market conditions cannot be predicted with certainty. If you're interested in currently underrated headphone brands, I can offer some recommendations based on current reviews and consumer feedback. Would you like to know about some lesser-known but high-quality headphone brands in the present market?",2025-12-02 18:20:25
Sony WH-1000XM5 vs Beats Studio Pro - which is better and why?,Comparison,Multi-brand,comparison,,General,claude,1,"Here's a comparison of the Sony WH-1000XM5 and Beats Studio Pro:

Sony WH-1000XM5:
Pros:
- Superior noise cancellation
- Exceptional sound quality
- Longer battery life (30 hours)
- More comfortable design
- Advanced features like adaptive sound control
- Better call quality
- More balanced and detailed audio

Beats Studio Pro:
Pros:
- More affordable
- Apple ecosystem integration
- Sleeker design
- Decent noise cancellation
- Good bass performance
- Faster charging

Key Differences:
1. Noise Cancellation: Sony is significantly better
2. Sound Quality: Sony offers more balanced, detailed sound
3. Battery Life: Sony provides longer playtime
4. Comfort: Sony generally more comfortable
5. Price: Beats is cheaper

Recommendation:
- For audiophiles and those prioritizing sound quality: Sony WH-1000XM5
- For Apple users on a budget: Beats Studio Pro
- For best overall performance: Sony WH-1000XM5

The Sony WH-1000XM5 is considered the superior headphone in most aspects, especially sound quality and noise cancellation.",2025-12-02 18:20:31
Sony WH-1000XM5 vs Beats Studio Pro - which is better and why?,Comparison,Multi-brand,comparison,,General,claude,2,"Here's a comparison of the Sony WH-1000XM5 and Beats Studio Pro:

Sony WH-1000XM5:
Pros:
- Superior noise cancellation
- Excellent sound quality
- Longer battery life (30 hours)
- More comfortable design
- Advanced features like adaptive sound control
- Better for professional/audiophile use
- More neutral, detailed sound signature

Beats Studio Pro:
Pros:
- More affordable
- Better for bass-heavy music
- Apple ecosystem integration
- Modern, stylish design
- Good active noise cancellation
- Slightly lighter
- Faster charging

Key Differences:
1. Sound Quality: Sony is more balanced, Beats is bass-focused
2. Noise Cancellation: Sony is superior
3. Battery Life: Sony wins (30 vs ~24 hours)
4. Price: Beats is cheaper

Recommendation:
- Choose Sony if: You want top-tier sound quality, noise cancellation, and comfort
- Choose Beats if: You prefer bass-heavy sound, want Apple integration, and have a tighter budget

Overall, the Sony WH-1000XM5 is considered the better headphones for most users, offering superior technical performance and sound quality.",2025-12-02 18:20:38
"Compare Sony, Beats, and Bose headphones overall – which is better and why?",Comparison,Multi-brand,comparison,,General,claude,1,"Here's a comparative analysis of Sony, Beats, and Bose headphones:

Sony Headphones:
Pros:
- Excellent noise cancellation
- High sound quality
- Advanced technology features
- Balanced audio profile
- Good battery life
- Competitive pricing
Cons:
- Sometimes complex controls
- Design can be less stylish

Beats Headphones:
Pros:
- Strong bass emphasis
- Trendy design
- Good for pop/hip-hop music
- Strong brand recognition
- Comfortable fit
Cons:
- Relatively expensive
- Bass can overpower other frequencies
- Less balanced sound

Bose Headphones:
Pros:
- Superior noise cancellation
- Comfortable design
- Balanced, clear sound
- Excellent build quality
- Great for multiple environments
Cons:
- Higher price point
- Less bass compared to Beats
- Limited color options

Overall Recommendation:
1. Best Overall: Sony (most versatile, best technology)
2. Best for Bass/Style: Beats
3. Best Noise Cancellation: Bose

Recommendation depends on individual preferences, budget, and primary use (music genre, travel, exercise).",2025-12-02 18:20:44
"Compare Sony, Beats, and Bose headphones overall – which is better and why?",Comparison,Multi-brand,comparison,,General,claude,2,"Here's a comparison of Sony, Beats, and Bose headphones:

Sony:
+ Best noise cancellation technology
+ Excellent sound quality
+ Good battery life
+ Balanced audio profile
+ Most technologically advanced
+ Often most affordable
- Slightly less stylish design

Beats:
+ Strong bass performance
+ Very fashionable/stylish
+ Popular with younger consumers
+ Good for hip-hop/pop music
+ Strong brand recognition
- Higher price
- Less balanced sound
- Weaker noise cancellation

Bose:
+ Superior comfort
+ Excellent sound clarity
+ Premium build quality
+ Great for balanced/neutral sound
+ Top-tier noise cancellation
- Most expensive
- Less bass emphasis
- Less modern design

Overall Winner: Sony
Reasons:
- Best overall value
- Most advanced technology
- Balanced sound quality
- Strong noise cancellation
- More affordable pricing

Best for specific uses:
- Bass/Style: Beats
- Comfort/Clarity: Bose
- All-around performance: Sony

Recommendation: Sony provides the best overall package for most consumers, offering high-quality performance at a reasonable price point.",2025-12-02 18:20:51
Soundcore Space Q45 vs Sony WH-CH720N comparison,Comparison,Multi-brand,comparison,,General,claude,1,"Here's a detailed comparison of the Soundcore Space Q45 and Sony WH-CH720N:

Soundcore Space Q45:
Pros:
- Better battery life (50 hours with ANC)
- More affordable price point
- Excellent noise cancellation
- Multipoint connectivity
- LDAC codec support
- Comfortable design
- Companion app with EQ customization

Cons:
- Slightly less renowned brand
- Less premium build quality

Sony WH-CH720N:
Pros:
- Sony brand reputation
- Lightweight design
- Good noise cancellation
- Solid sound quality
- Comfortable fit
- Quick charging feature
- Integrated Sony headphone app

Cons:
- Shorter battery life (35 hours)
- No LDAC codec
- Less advanced noise cancellation
- Limited connectivity options

Key Similarities:
- Wireless Bluetooth connectivity
- Active noise cancellation
- Foldable design
- Integrated microphones
- Touch controls

Key Differences:
- Battery Life: Q45 (50 hrs) vs CH720N (35 hrs)
- Price: Q45 generally cheaper
- Codec Support: Q45 has LDAC, CH720N does not
- Build Quality: Sony feels more premium

Recommendation:
Choose Soundcore Q45 for better value and features, Sony for brand reliability.",2025-12-02 18:20:58
Soundcore Space Q45 vs Sony WH-CH720N comparison,Comparison,Multi-brand,comparison,,General,claude,2,"Here's a comparison of the Soundcore Space Q45 and Sony WH-CH720N wireless noise-canceling headphones:

Soundcore Space Q45:
Pros:
- Longer battery life (up to 50 hours)
- More affordable price point
- Multipoint connectivity
- Adjustable ANC levels
- LDAC codec support
- Comfortable design
- Good sound quality

Sony WH-CH720N:
Pros:
- Lightweight design
- Decent noise cancellation
- Clear sound quality
- Good call performance
- Solid Sony brand reputation
- Compatible with Sony app
- Quick charging feature

Key Differences:
1. Battery Life
- Space Q45: 50 hours
- Sony: Around 35 hours

2. Noise Cancellation
- Space Q45: More customizable ANC
- Sony: Standard noise cancellation

3. Codec Support
- Space Q45: LDAC, AAC, SBC
- Sony: SBC, AAC

4. Price
- Space Q45: Generally cheaper
- Sony: Slightly more expensive

5. Sound Quality
- Both offer good audio performance
- Space Q45 might have slight edge

Recommendation:
- Budget-conscious: Space Q45
- Sony brand preference: WH-CH720N",2025-12-02 18:21:04
Are Beats headphones worth the price compared with Sony headphones?,Price-Specific,Multi-brand,price_evaluation,,Budget / Value,claude,1,"The value of Beats versus Sony headphones depends on individual preferences and needs. Here's a comparison:

Beats Headphones:
- Strong brand recognition
- Typically bass-heavy sound signature
- Stylish design
- More expensive
- Often preferred for pop/hip-hop music
- Good for fashion-conscious consumers

Sony Headphones:
- Generally better sound quality
- More balanced audio profile
- Often more comfortable
- Usually better noise cancellation
- More technically advanced
- More versatile across music genres
- Often more cost-effective

Recommendation:
- If you prioritize sound quality and technical performance, Sony is typically better
- If you want a fashion statement and bass-heavy sound, Beats might be preferable
- Consider your budget, intended use, and personal sound preferences

Best approach: Try both in person, compare sound quality, comfort, and features before deciding.",2025-12-02 18:21:11
Are Beats headphones worth the price compared with Sony headphones?,Price-Specific,Multi-brand,price_evaluation,,Budget / Value,claude,2,"The value of Beats versus Sony headphones depends on several factors:

Beats Headphones:
- Pros:
  - Stylish design
  - Strong bass sound
  - Popular brand
- Cons:
  - Expensive
  - Often considered overpriced
  - Sound quality not always proportional to price
  - More fashion-oriented

Sony Headphones:
- Pros:
  - Generally better sound quality
  - More balanced audio
  - Often more comfortable
  - Better noise cancellation
  - More technically advanced
  - Usually better value for money
- Cons:
  - Less trendy design
  - May be less appealing to fashion-conscious consumers

Recommendation:
- If you prioritize sound quality and technical performance, Sony is typically better
- If brand image and style are important to you, Beats might be preferable
- Compare specific models, as quality varies within each brand's lineup
- Consider reading professional reviews and comparing prices

Overall, Sony headphones are generally considered to offer better sound quality and value for the price compared to Beats.",2025-12-02 18:21:17
Which headphone brand has the best noise cancellation?,Attributes,General,recommendation,,Tech-Focused / Features,claude,1,"Several brands are known for excellent noise cancellation:

1. Bose
- Often considered the industry leader
- QuietComfort series is highly regarded
- Consistently top-rated for noise cancellation

2. Sony
- WH-1000XM series is very popular
- Often ranked alongside or slightly above Bose
- Excellent noise cancellation and sound quality

3. Apple AirPods Pro/Max
- Very good active noise cancellation
- Particularly strong for Apple ecosystem users

4. Sennheiser
- Momentum series offers strong noise cancellation
- High-quality sound and noise reduction

5. Shure
- AONIC series has excellent noise cancellation
- More professional/audiophile oriented

The ""best"" can depend on personal preference, budget, and specific use case. Currently, Sony and Bose are generally considered the top performers for noise cancellation technology. I recommend comparing recent reviews and trying them in person if possible.",2025-12-02 18:21:23
Which headphone brand has the best noise cancellation?,Attributes,General,recommendation,,Tech-Focused / Features,claude,2,"Several brands are known for excellent noise cancellation:

1. Bose
- Often considered the industry leader
- QuietComfort series is highly rated
- Consistently top-rated for noise cancellation technology

2. Sony
- WH-1000XM series is very popular
- Considered to have some of the best noise cancellation
- Often competes closely with Bose

3. Apple AirPods Pro/Max
- Strong noise cancellation for in-ear and over-ear models
- Good integration with Apple ecosystem

4. Sennheiser
- Momentum series offers excellent noise cancellation
- High-quality sound along with noise reduction

5. Shure
- Professional-grade noise cancellation
- More targeted at audiophiles and professionals

The ""best"" can depend on personal preference, budget, and specific use case. Bose and Sony are generally considered the top performers, but each brand has strengths. Factors like comfort, battery life, and sound quality also matter alongside noise cancellation.

For the most current rankings, I recommend checking recent professional reviews and comparisons.",2025-12-02 18:21:30
What are the best headphones for bass-heavy music?,Attributes,General,recommendation,,General Listening,claude,1,"Here are some top headphones known for excellent bass performance:

1. Over-ear headphones:
- Sony WH-1000XM4
- Beats Studio3 Wireless
- Sennheiser Momentum 3 Wireless
- Audio-Technica ATH-M50x

2. Wireless earbuds:
- Beats Powerbeats Pro
- Samsung Galaxy Buds Pro
- Apple AirPods Pro
- Jabra Elite Active 75t

3. Wired in-ear headphones:
- V-MODA Crossfade M-100
- Beyerdynamic DT 770 Pro
- Shure SE215
- 1More Triple Driver

When choosing, consider factors like:
- Budget
- Wireless vs. wired
- Noise cancellation
- Comfort
- Battery life (for wireless options)

The ""best"" depends on your specific preferences and use case, so I recommend reading professional reviews and trying them if possible.",2025-12-02 18:21:34
What are the best headphones for bass-heavy music?,Attributes,General,recommendation,,General Listening,claude,2,"Some top headphones known for strong bass include:

1. Over-ear options:
- Sony WH-1000XM4
- Beats Studio3 Wireless
- Skullcandy Crusher ANC
- Audio-Technica ATH-M50x

2. In-ear options:
- Beats Powerbeats Pro
- Jabra Elite Active 75t
- V-MODA Zn

3. Budget-friendly choices:
- Audio-Technica ATH-M20x
- Sennheiser HD 280 Pro

The best choice depends on your specific preferences, budget, and whether you want wireless or wired headphones. Consider factors like sound quality, noise cancellation, comfort, and battery life when making your selection.",2025-12-02 18:21:38
What are the most durable headphones that can last for years of daily use?,Attributes,General,attribute_focus,,General,claude,1,"Some of the most durable headphones known for long-lasting quality include:

1. Wired Options:
- Audio-Technica ATH-M50x
- Beyerdynamic DT 770 Pro
- Sennheiser HD 280 Pro

2. Wireless Options:
- Sony WH-1000XM4
- Bose QuietComfort 35 II
- Jabra Elite 85h

3. Factors that contribute to durability:
- Metal or reinforced plastic frames
- Replaceable ear cushions
- Detachable cables
- High-quality build materials
- Water/sweat resistance
- Strong hinges and connections

4. Pro Tips:
- Store headphones in a protective case
- Clean them regularly
- Avoid extreme temperatures
- Handle cables carefully
- Replace worn ear pads

5. Brands known for durability:
- Audio-Technica
- Sennheiser
- Sony
- Bose
- Beyerdynamic

Keep in mind that actual longevity depends on usage, care, and individual product quality. Investing in a well-built, reputable brand typically ensures longer-lasting headphones.",2025-12-02 18:21:44
What are the most durable headphones that can last for years of daily use?,Attributes,General,attribute_focus,,General,claude,2,"When looking for durable headphones that can withstand daily use, consider these top options:

1. Over-ear headphones with high durability:
- Beyerdynamic DT 770 Pro
- Audio-Technica ATH-M50x
- Sennheiser HD 280 Pro

2. Wireless options with sturdy construction:
- Sony WH-1000XM4
- Bose QuietComfort 35 II
- Jabra Elite 85h

3. Budget-friendly durable choices:
- AKG K240 Studio
- Samson SR850
- Monoprice Modern Retro

Key durability factors to consider:
- Metal or reinforced plastic frame
- Replaceable ear pads
- Detachable cable
- Thick, robust cable
- Water/sweat resistance
- Good build quality

Maintenance tips to extend headphone lifespan:
- Store in protective case
- Clean regularly
- Avoid extreme temperatures
- Handle cables carefully
- Replace worn parts
- Use with care during physical activities

The best choice depends on your specific needs, budget, and usage patterns. Generally, professional studio or monitor headphones tend to be the most durable.",2025-12-02 18:21:50
Which headphones have the best battery life?,Attributes,General,recommendation,,General,claude,1,"As of 2023, some headphones with exceptional battery life include:

1. Sony WH-1000XM5
- Up to 30 hours of battery life
- Excellent noise cancellation

2. Jabra Elite 85h
- Up to 36 hours of battery life
- Water-resistant

3. Beats Studio3 Wireless
- Up to 40 hours of battery life
- Quick charge feature

4. Sennheiser Momentum 3 Wireless
- Up to 17 hours of battery life
- High-quality sound

5. Apple AirPods Max
- Up to 20 hours of battery life
- Seamless integration with Apple devices

6. Anker Soundcore Life Q30
- Up to 60 hours of battery life
- Budget-friendly option

The best choice depends on your specific needs, budget, and preferred features. Battery life can vary based on usage, volume, and noise cancellation settings.",2025-12-02 18:21:54
Which headphones have the best battery life?,Attributes,General,recommendation,,General,claude,2,"Some headphones known for excellent battery life include:

1. Sony WH-1000XM4
- Up to 30 hours of battery life
- Active noise cancellation
- Highly rated for sound quality

2. Beats Studio3 Wireless
- Up to 22 hours of battery life
- Good noise cancellation
- Apple W1 chip for easy pairing

3. Jabra Elite 85h
- Up to 36 hours of battery life
- Water-resistant
- Smart sound technology

4. Sennheiser Momentum 3 Wireless
- Up to 17 hours of battery life
- High-quality sound
- Premium build quality

5. Anker Soundcore Life Q30
- Up to 40 hours of battery life
- Budget-friendly option
- Multiple noise cancellation modes

The exact best choice depends on your specific needs, budget, and preferences for sound quality, noise cancellation, and comfort.",2025-12-02 18:21:59
What are the best headphones for gaming on budget?,Attributes,General,recommendation,Budget,Budget / Value,claude,1,"Here are some of the best budget gaming headphones:

1. Budget-Friendly Options ($30-$60):
- HyperX Cloud Stinger
- Razer Kraken X
- Turtle Beach Recon 50P
- Logitech G332

2. Mid-Range Options ($60-$100):
- HyperX Cloud Alpha
- SteelSeries Arctis 1
- Corsair HS60 Pro
- Razer BlackShark V2 X

3. Considerations when choosing:
- Sound quality
- Comfort
- Microphone quality
- Wired vs. wireless
- Compatibility (PC, console)
- Build quality

4. Top Recommended:
- HyperX Cloud Stinger (Best budget overall)
- HyperX Cloud Alpha (Best mid-range)
- SteelSeries Arctis 1 (Best versatility)

5. Features to look for:
- Noise cancellation
- Surround sound
- Lightweight design
- Detachable microphone
- Comfortable ear cushions

Your specific needs and budget will ultimately determine the best choice for you.",2025-12-02 18:22:05
What are the best headphones for gaming on budget?,Attributes,General,recommendation,Budget,Budget / Value,claude,2,"Here are some top budget-friendly gaming headphones:

1. Affordable Wired Options:
- HyperX Cloud Stinger ($40-50)
- Corsair HS50 Pro ($50-60)
- Razer Kraken X ($50-60)

2. Budget Wireless Options:
- Corsair HS70 Pro Wireless ($80-100)
- HyperX Cloud Flight S ($120-150)

3. Budget Bluetooth Options:
- Turtle Beach Stealth 600 ($80-100)
- SteelSeries Arctis 1 Wireless ($80-100)

Key considerations:
- Sound quality
- Comfort
- Microphone quality
- Compatibility with your gaming platform
- Wired vs. wireless preference

Best overall budget pick: HyperX Cloud Stinger - good sound, comfort, and price point.

Best budget wireless: Corsair HS70 Pro Wireless - reliable performance, good battery life.

Prices may vary depending on current sales and market conditions.",2025-12-02 18:22:10
How has the headphone market changed over the past 5 years? Which brands have risen or declined?,Brand Evolution,General,market_trend,,General,claude,1,"Over the past 5 years, the headphone market has seen significant changes driven by technological advancements and shifting consumer preferences:

Rising Brands:
- Apple AirPods (massive growth in wireless earbuds)
- Sony (strong performance in noise-canceling headphones)
- Beats (continued popularity, especially among younger consumers)
- Samsung Galaxy Buds
- Jabra
- Bose (maintained strong position in noise-canceling segment)

Declining/Challenged Brands:
- Plantronics (struggled with market transitions)
- Some traditional wired headphone manufacturers
- Lower-end generic brands

Key Market Trends:
- Wireless/Bluetooth dominance
- True wireless earbuds becoming mainstream
- Active noise cancellation becoming standard
- Integration of smart features like voice assistants
- Growing importance of battery life
- Rising average price points for premium audio products

Major Technological Shifts:
- Bluetooth 5.0 and newer codecs
- Improved battery technologies
- Advanced noise cancellation algorithms
- Better wireless connectivity
- More sophisticated audio processing

The market has increasingly favored compact, feature-rich wireless products with strong ecosystem integration.",2025-12-02 18:22:16
How has the headphone market changed over the past 5 years? Which brands have risen or declined?,Brand Evolution,General,market_trend,,General,claude,2,"Over the past 5 years, the headphone market has undergone significant changes:

Rising Brands:
1. Apple AirPods - Dominated wireless earbuds market
2. Sony - Strong in noise-cancelling over-ear headphones
3. Beats (owned by Apple) - Continued popularity, especially among younger consumers
4. Samsung Galaxy Buds - Gained market share in wireless earbuds
5. Jabra - Increased presence in true wireless earbuds segment

Declining/Challenged Brands:
1. Bose - Faced increased competition in noise-cancelling segment
2. Traditional wired headphone manufacturers
3. Some mid-tier brands squeezed by premium and budget options

Key Market Trends:
- Shift towards wireless/true wireless earbuds
- Growing noise-cancellation technology
- Integration of smart features
- Lower prices for quality wireless options
- Increasing popularity of sports/fitness-oriented headphones
- Rise of premium wireless earbuds with high-end audio quality

Technological Developments:
- Better battery life
- Improved bluetooth connectivity
- Enhanced noise cancellation
- More advanced audio codecs
- Integration with voice assistants

The market has become increasingly competitive and consumer-focused, with technology and convenience driving purchasing decisions.",2025-12-02 18:22:23
"Compare how Sony, Beats, and Soundcore have evolved as brands in recent years.",Comparison,Multi-brand,comparison,,General,claude,1,"Here's a comparative overview of how Sony, Beats, and Soundcore have evolved as brands in recent years:

Sony:
- Maintained strong reputation in audio technology
- Diversified audio product lines (headphones, earbuds, speakers)
- Focused on high-end noise-canceling technology
- Integrated advanced features like adaptive sound control
- Continued premium positioning in consumer electronics
- Strong emphasis on wireless and noise-canceling innovations

Beats:
- Acquired by Apple in 2014
- Transitioned from fashion-focused brand to more technical audio products
- Improved sound quality and engineering
- Leveraged Apple ecosystem integration
- Maintained youth/lifestyle brand positioning
- Expanded wireless and true wireless product offerings

Soundcore (by Anker):
- Emerged as budget-friendly audio brand
- Rapidly expanded product range
- Focused on value-driven audio solutions
- Emphasized battery life and affordability
- Gained market share through competitive pricing
- Increased technological capabilities in wireless audio
- Targeted price-conscious consumers

Each brand has taken a different strategic approach to the audio market, reflecting their core strengths and target audiences.",2025-12-02 18:22:29
"Compare how Sony, Beats, and Soundcore have evolved as brands in recent years.",Comparison,Multi-brand,comparison,,General,claude,2,"Here's a comparative overview of how Sony, Beats, and Soundcore have evolved as brands in recent years:

Sony:
- Maintained strong reputation for high-quality audio technology
- Expanded wireless noise-canceling headphone lines
- Integrated advanced noise cancellation and spatial audio technologies
- Continued innovation in professional and consumer audio segments
- Leveraged strong brand legacy in electronics
- Focused on premium and mid-range product offerings

Beats:
- Acquired by Apple in 2014, shifting brand strategy
- Transitioned from fashion-focused marketing to more technical audio performance
- Integrated Apple technology like H1 chip
- Expanded wireless and noise-canceling product lines
- Maintained strong youth and urban market appeal
- Increased focus on sound quality and technical features

Soundcore (by Anker):
- Relatively newer audio brand compared to Sony and Beats
- Positioned as budget-friendly, value-oriented audio brand
- Rapid product development and competitive pricing
- Strong online sales and direct-to-consumer approach
- Focused on wireless earbuds and headphones
- Gained market share through aggressive pricing and feature-rich products

Each brand has followed a different strategic approach in the evolving audio market, targeting different consumer segments and price points.",2025-12-02 18:22:36
